{
  "model_name": "random_forest",
  "dataset_name": "train",
  "accuracy": 0.9999488137588616,
  "roc_auc": 0.9999999928028993,
  "classification_report": {
    "<=50K": {
      "precision": 0.9999663571524694,
      "recall": 0.9999663571524694,
      "f1-score": 0.9999663571524694,
      "support": 29724.0
    },
    ">50K": {
      "precision": 0.9998930366884159,
      "recall": 0.9998930366884159,
      "f1-score": 0.9998930366884159,
      "support": 9349.0
    },
    "accuracy": 0.9999488137588616,
    "macro avg": {
      "precision": 0.9999296969204426,
      "recall": 0.9999296969204426,
      "f1-score": 0.9999296969204426,
      "support": 39073.0
    },
    "weighted avg": {
      "precision": 0.9999488137588616,
      "recall": 0.9999488137588616,
      "f1-score": 0.9999488137588616,
      "support": 39073.0
    }
  },
  "confusion_matrix": [
    [
      29723,
      1
    ],
    [
      1,
      9348
    ]
  ]
}