{
  "model_name": "logistic_regression",
  "dataset_name": "train",
  "accuracy": 0.8519182043866609,
  "roc_auc": 0.906816138790273,
  "classification_report": {
    "<=50K": {
      "precision": 0.880257974329648,
      "recall": 0.9321423765307496,
      "f1-score": 0.9054575163398693,
      "support": 29724.0
    },
    ">50K": {
      "precision": 0.7345004607081743,
      "recall": 0.5968552786394267,
      "f1-score": 0.658562492623628,
      "support": 9349.0
    },
    "accuracy": 0.8519182043866609,
    "macro avg": {
      "precision": 0.8073792175189112,
      "recall": 0.7644988275850881,
      "f1-score": 0.7820100044817486,
      "support": 39073.0
    },
    "weighted avg": {
      "precision": 0.8453825617724561,
      "recall": 0.8519182043866609,
      "f1-score": 0.8463829232263859,
      "support": 39073.0
    }
  },
  "confusion_matrix": [
    [
      27707,
      2017
    ],
    [
      3769,
      5580
    ]
  ]
}